{
  "pmin": 0.0,
  "margin": 0.08,
  "score": 0.079982286945486,
  "metrics": {
    "n_trades": 1546,
    "avg_ret": 1.2778955106392618e-06,
    "cum_ret": 0.16950857354747617,
    "sharpe": 0.079982286945486,
    "max_dd": -0.05921159187171654
  }
}