{
  "pmin": 0.7,
  "margin": 0.0,
  "score": -0.015257391071616206,
  "metrics": {
    "n_trades": 967,
    "avg_ret": -3.2879017384615734e-07,
    "cum_ret": -0.04751757119303135,
    "sharpe": -0.015257391071616206,
    "max_dd": -0.1481663411952977
  }
}