{
  "pmin": 0.0,
  "margin": 0.0,
  "score": 0.034977439184941055,
  "metrics": {
    "n_trades": 2057,
    "avg_ret": 1.0917039558380393e-06,
    "cum_ret": 0.12952539731393342,
    "sharpe": 0.034977439184941055,
    "max_dd": -0.22586742139141192
  }
}