{
  "pmin": 0.7,
  "margin": 0.0,
  "score": 0.0053882746991179495,
  "metrics": {
    "n_trades": 1823,
    "avg_ret": 7.291237231540438e-08,
    "cum_ret": 0.006284649127626052,
    "sharpe": 0.0053882746991179495,
    "max_dd": -0.05109860683750789
  }
}