{
  "pmin": 0.65,
  "margin": 0.0,
  "score": 0.10621298400365088,
  "metrics": {
    "n_trades": 3203,
    "avg_ret": 1.986921308413766e-06,
    "cum_ret": 0.2766205046438315,
    "sharpe": 0.10621298400365088,
    "max_dd": -0.06814039319916732
  }
}